Acc,Comp Rate
0.8685446009389671,19.137627997268435
0.9248826291079812,10.418858433115595
0.9342723004694836,7.4957553259847245
0.9295774647887324,6.040934275906414
0.943661971830986,5.2146303752460055
0.9460093896713615,4.3680814577101605
0.943661971830986,3.61096123903589
0.9413145539906104,2.7714428237881883
0.9553990610328639,1.8656182804494204
0.9553990610328639,0.5576314176209107
